image_size; image_size_pixels; execution_time
6780x4320; 29289600; 0.134443
500x375; 187500; 0.000870
4000x3000; 12000000; 0.049783
2000x1500; 3000000; 0.013126
125x94; 11750; 0.000053
1000x750; 750000; 0.003409
